name,time,value,type,changed
testpoint1,2022-01-31T15:22:16.079870+00:00,52273,int,false
testpoint2,2022-01-31T15:22:16.079951+00:00,86656,int,false
testpoint3,2022-01-31T15:22:16.080010+00:00,32611,int,false
testpoint4,2022-01-31T15:22:16.080055+00:00,48151,int,false
testpoint5,2022-01-31T15:22:16.080096+00:00,99525,int,false
testpoint6,2022-01-31T15:22:16.080155+00:00,49449,int,false
testpoint7,2022-01-31T15:22:16.080195+00:00,82666,int,false
testpoint8,2022-01-31T15:22:16.080251+00:00,53351,int,false
testpoint9,2022-01-31T15:22:16.080420+00:00,95424,int,false
testpoint10,2022-01-31T15:22:16.080463+00:00,26071,int,false
testpoint11,2022-01-31T15:22:16.080521+00:00,33114,int,false
testpoint12,2022-01-31T15:22:16.080562+00:00,98585,int,false
testpoint13,2022-01-31T15:22:16.080602+00:00,66876,int,false
testpoint14,2022-01-31T15:22:16.080669+00:00,91880,int,false
testpoint15,2022-01-31T15:22:16.080709+00:00,12702,int,false
testpoint16,2022-01-31T15:22:16.080765+00:00,39141,int,false
testpoint17,2022-01-31T15:22:16.080806+00:00,49122,int,false
testpoint18,2022-01-31T15:22:16.080847+00:00,739,int,false
testpoint19,2022-01-31T15:22:16.080904+00:00,70834,int,false
testpoint20,2022-01-31T15:22:16.080944+00:00,63417,int,false
testpoint21,2022-01-31T15:22:16.080999+00:00,67929,int,false
testpoint22,2022-01-31T15:22:16.081042+00:00,88718,int,false
testpoint23,2022-01-31T15:22:16.081082+00:00,98109,int,false
testpoint24,2022-01-31T15:22:16.081181+00:00,69374,int,false
testpoint25,2022-01-31T15:22:16.081223+00:00,48571,int,false
testpoint26,2022-01-31T15:22:16.081279+00:00,72630,int,false
testpoint27,2022-01-31T15:22:16.081324+00:00,42774,int,false
testpoint28,2022-01-31T15:22:16.081379+00:00,60645,int,false
testpoint29,2022-01-31T15:22:16.081420+00:00,30046,int,false
testpoint30,2022-01-31T15:22:16.081461+00:00,45104,int,false
testpoint31,2022-01-31T15:22:16.081516+00:00,64181,int,false
testpoint32,2022-01-31T15:22:16.081557+00:00,27522,int,false
testpoint33,2022-01-31T15:22:16.081596+00:00,60525,int,false
testpoint34,2022-01-31T15:22:16.081652+00:00,70720,int,false
testpoint35,2022-01-31T15:22:16.081692+00:00,1757,int,false
testpoint36,2022-01-31T15:22:16.081747+00:00,65612,int,false
testpoint37,2022-01-31T15:22:16.081789+00:00,91032,int,false
testpoint38,2022-01-31T15:22:16.081829+00:00,3793,int,false
testpoint39,2022-01-31T15:22:16.081885+00:00,87186,int,false
testpoint40,2022-01-31T15:22:16.081926+00:00,23942,int,false
testpoint41,2022-01-31T15:22:16.081967+00:00,26427,int,false
testpoint42,2022-01-31T15:22:16.082024+00:00,87878,int,false
testpoint43,2022-01-31T15:22:16.082065+00:00,60802,int,false
testpoint44,2022-01-31T15:22:16.082120+00:00,53839,int,false
testpoint45,2022-01-31T15:22:16.082162+00:00,50265,int,false
testpoint46,2022-01-31T15:22:16.082202+00:00,68847,int,false
testpoint47,2022-01-31T15:22:16.082259+00:00,72259,int,false
testpoint48,2022-01-31T15:22:16.082303+00:00,51569,int,false
testpoint49,2022-01-31T15:22:16.082343+00:00,87612,int,false
testpoint50,2022-01-31T15:22:16.082401+00:00,15448,int,false
testpoint51,2022-01-31T15:22:16.082441+00:00,76826,int,false
testpoint52,2022-01-31T15:22:16.082504+00:00,4787,int,false
testpoint53,2022-01-31T15:22:16.082546+00:00,82911,int,false
testpoint54,2022-01-31T15:22:16.082586+00:00,14007,int,false
testpoint55,2022-01-31T15:22:16.082643+00:00,43871,int,false
testpoint56,2022-01-31T15:22:16.082685+00:00,6557,int,false
testpoint57,2022-01-31T15:22:16.082725+00:00,22493,int,false
testpoint58,2022-01-31T15:22:16.082790+00:00,26694,int,false
testpoint59,2022-01-31T15:22:16.082831+00:00,19234,int,false
testpoint60,2022-01-31T15:22:16.082888+00:00,64741,int,false
testpoint61,2022-01-31T15:22:16.082930+00:00,27098,int,false
testpoint62,2022-01-31T15:22:16.082971+00:00,51407,int,false
testpoint63,2022-01-31T15:22:16.083028+00:00,60488,int,false
testpoint64,2022-01-31T15:22:16.083069+00:00,45003,int,false
testpoint65,2022-01-31T15:22:16.083124+00:00,57454,int,false
testpoint66,2022-01-31T15:22:16.083173+00:00,60444,int,false
testpoint67,2022-01-31T15:22:16.083214+00:00,36746,int,false
testpoint68,2022-01-31T15:22:16.083270+00:00,25812,int,false
testpoint69,2022-01-31T15:22:16.083311+00:00,1979,int,false
testpoint70,2022-01-31T15:22:16.083350+00:00,21071,int,false
testpoint71,2022-01-31T15:22:16.083407+00:00,97749,int,false
testpoint72,2022-01-31T15:22:16.083447+00:00,76743,int,false
testpoint73,2022-01-31T15:22:16.083502+00:00,13307,int,false
testpoint74,2022-01-31T15:22:16.083544+00:00,8381,int,false
testpoint75,2022-01-31T15:22:16.083584+00:00,35874,int,false
testpoint76,2022-01-31T15:22:16.083639+00:00,21258,int,false
testpoint77,2022-01-31T15:22:16.083680+00:00,2194,int,false
testpoint78,2022-01-31T15:22:16.083719+00:00,80729,int,false
testpoint79,2022-01-31T15:22:16.083775+00:00,28698,int,false
testpoint80,2022-01-31T15:22:16.083816+00:00,16694,int,false
testpoint81,2022-01-31T15:22:16.083872+00:00,71005,int,false
testpoint82,2022-01-31T15:22:16.084140+00:00,80534,int,false
testpoint83,2022-01-31T15:22:16.084185+00:00,44333,int,false
testpoint84,2022-01-31T15:22:16.084226+00:00,86040,int,false
testpoint85,2022-01-31T15:22:16.084284+00:00,71471,int,false
testpoint86,2022-01-31T15:22:16.084324+00:00,65682,int,false
testpoint87,2022-01-31T15:22:16.084389+00:00,32058,int,false
testpoint88,2022-01-31T15:22:16.084430+00:00,46340,int,false
testpoint89,2022-01-31T15:22:16.084472+00:00,89102,int,false
testpoint90,2022-01-31T15:22:16.084531+00:00,20019,int,false
testpoint91,2022-01-31T15:22:16.084572+00:00,37240,int,false
testpoint92,2022-01-31T15:22:16.084629+00:00,25822,int,false
testpoint93,2022-01-31T15:22:16.084670+00:00,29410,int,false
testpoint94,2022-01-31T15:22:16.084710+00:00,8471,int,false
testpoint95,2022-01-31T15:22:16.084765+00:00,97781,int,false
testpoint96,2022-01-31T15:22:16.084806+00:00,18791,int,false
testpoint97,2022-01-31T15:22:16.084845+00:00,71098,int,false
testpoint98,2022-01-31T15:22:16.084909+00:00,19348,int,false
testpoint99,2022-01-31T15:22:16.084951+00:00,84501,int,false
testpoint100,2022-01-31T15:22:16.085007+00:00,43705,int,false
testpoint101,2022-01-31T15:22:16.085049+00:00,27726,int,false
testpoint102,2022-01-31T15:22:16.085088+00:00,30881,int,false
testpoint103,2022-01-31T15:22:16.085145+00:00,61386,int,false
testpoint104,2022-01-31T15:22:16.085319+00:00,17960,int,false
testpoint105,2022-01-31T15:22:16.085378+00:00,56895,int,false
testpoint106,2022-01-31T15:22:16.085420+00:00,41994,int,false
testpoint107,2022-01-31T15:22:16.085461+00:00,75493,int,false
testpoint108,2022-01-31T15:22:16.085527+00:00,78869,int,false
testpoint109,2022-01-31T15:22:16.085569+00:00,69680,int,false
testpoint110,2022-01-31T15:22:16.085626+00:00,82870,int,false
testpoint111,2022-01-31T15:22:16.085669+00:00,32835,int,false
testpoint112,2022-01-31T15:22:16.085710+00:00,78558,int,false
testpoint113,2022-01-31T15:22:16.085765+00:00,45743,int,false
testpoint114,2022-01-31T15:22:16.085806+00:00,823,int,false
testpoint115,2022-01-31T15:22:16.085847+00:00,90730,int,false
testpoint116,2022-01-31T15:22:16.085904+00:00,62032,int,false
testpoint117,2022-01-31T15:22:16.085945+00:00,86867,int,false
testpoint118,2022-01-31T15:22:16.086000+00:00,23843,int,false
testpoint119,2022-01-31T15:22:16.086042+00:00,49501,int,false
testpoint120,2022-01-31T15:22:16.086083+00:00,39656,int,false
testpoint121,2022-01-31T15:22:16.086142+00:00,8239,int,false
testpoint122,2022-01-31T15:22:16.086183+00:00,86311,int,false
testpoint123,2022-01-31T15:22:16.086225+00:00,46031,int,false
testpoint124,2022-01-31T15:22:16.086285+00:00,5234,int,false
testpoint125,2022-01-31T15:22:16.086326+00:00,24333,int,false
testpoint126,2022-01-31T15:22:16.086382+00:00,60500,int,false
testpoint127,2022-01-31T15:22:16.086423+00:00,24220,int,false
testpoint128,2022-01-31T15:22:16.086472+00:00,56803,int,false
testpoint129,2022-01-31T15:22:16.086532+00:00,64845,int,false
testpoint130,2022-01-31T15:22:16.086573+00:00,35479,int,false
testpoint131,2022-01-31T15:22:16.086630+00:00,59512,int,false
testpoint132,2022-01-31T15:22:16.086671+00:00,3359,int,false
testpoint133,2022-01-31T15:22:16.086711+00:00,15642,int,false
testpoint134,2022-01-31T15:22:16.086766+00:00,4305,int,false
testpoint135,2022-01-31T15:22:16.086807+00:00,32350,int,false
testpoint136,2022-01-31T15:22:16.086848+00:00,81070,int,false
testpoint137,2022-01-31T15:22:16.086904+00:00,25213,int,false
testpoint138,2022-01-31T15:22:16.086944+00:00,71844,int,false
testpoint139,2022-01-31T15:22:16.086999+00:00,48539,int,false
testpoint140,2022-01-31T15:22:16.087041+00:00,43759,int,false
testpoint141,2022-01-31T15:22:16.087081+00:00,15281,int,false
testpoint142,2022-01-31T15:22:16.087137+00:00,35666,int,false
testpoint143,2022-01-31T15:22:16.087178+00:00,6,int,false
testpoint144,2022-01-31T15:22:16.087243+00:00,38383,int,false
testpoint145,2022-01-31T15:22:16.087286+00:00,53914,int,false
testpoint146,2022-01-31T15:22:16.087326+00:00,92599,int,false
testpoint147,2022-01-31T15:22:16.087381+00:00,16774,int,false
testpoint148,2022-01-31T15:22:16.087422+00:00,74065,int,false
testpoint149,2022-01-31T15:22:16.087462+00:00,53347,int,false
testpoint150,2022-01-31T15:22:16.087535+00:00,49379,int,false
testpoint151,2022-01-31T15:22:16.087576+00:00,78246,int,false
testpoint152,2022-01-31T15:22:16.087632+00:00,85066,int,false
testpoint153,2022-01-31T15:22:16.087673+00:00,45739,int,false
testpoint154,2022-01-31T15:22:16.087713+00:00,8496,int,false
testpoint155,2022-01-31T15:22:16.087769+00:00,23673,int,false
testpoint156,2022-01-31T15:22:16.087810+00:00,93705,int,false
testpoint157,2022-01-31T15:22:16.087850+00:00,90507,int,false
testpoint158,2022-01-31T15:22:16.087905+00:00,86976,int,false
testpoint159,2022-01-31T15:22:16.087953+00:00,9253,int,false
testpoint160,2022-01-31T15:22:16.088008+00:00,63841,int,false
testpoint161,2022-01-31T15:22:16.088052+00:00,93804,int,false
testpoint162,2022-01-31T15:22:16.088092+00:00,71707,int,false
testpoint163,2022-01-31T15:22:16.088149+00:00,90838,int,false
testpoint164,2022-01-31T15:22:16.088189+00:00,26001,int,false
testpoint165,2022-01-31T15:22:16.088245+00:00,63997,int,false
testpoint166,2022-01-31T15:22:16.088287+00:00,47580,int,false
testpoint167,2022-01-31T15:22:16.088335+00:00,42002,int,false
testpoint168,2022-01-31T15:22:16.088399+00:00,65777,int,false
testpoint169,2022-01-31T15:22:16.088440+00:00,70672,int,false
testpoint170,2022-01-31T15:22:16.088495+00:00,82762,int,false
testpoint171,2022-01-31T15:22:16.088537+00:00,83626,int,false
testpoint172,2022-01-31T15:22:16.088577+00:00,16024,int,false
testpoint173,2022-01-31T15:22:16.088634+00:00,43053,int,false
testpoint174,2022-01-31T15:22:16.088675+00:00,23550,int,false
testpoint175,2022-01-31T15:22:16.088719+00:00,27741,int,false
testpoint176,2022-01-31T15:22:16.088777+00:00,33618,int,false
testpoint177,2022-01-31T15:22:16.088819+00:00,26363,int,false
testpoint178,2022-01-31T15:22:16.088874+00:00,87376,int,false
testpoint179,2022-01-31T15:22:16.088915+00:00,19664,int,false
testpoint180,2022-01-31T15:22:16.088955+00:00,19913,int,false
testpoint181,2022-01-31T15:22:16.089010+00:00,99412,int,false
testpoint182,2022-01-31T15:22:16.089051+00:00,71496,int,false
testpoint183,2022-01-31T15:22:16.089090+00:00,86059,int,false
testpoint184,2022-01-31T15:22:16.089147+00:00,28623,int,false
testpoint185,2022-01-31T15:22:16.089187+00:00,40027,int,false
testpoint186,2022-01-31T15:22:16.089241+00:00,18190,int,false
testpoint187,2022-01-31T15:22:16.089283+00:00,28866,int,false
testpoint188,2022-01-31T15:22:16.089323+00:00,13484,int,false
testpoint189,2022-01-31T15:22:16.089377+00:00,11483,int,false
testpoint190,2022-01-31T15:22:16.089427+00:00,60620,int,false
testpoint191,2022-01-31T15:22:16.089467+00:00,3176,int,false
testpoint192,2022-01-31T15:22:16.089524+00:00,62476,int,false
testpoint193,2022-01-31T15:22:16.089565+00:00,94620,int,false
testpoint194,2022-01-31T15:22:16.089619+00:00,1467,int,false
testpoint195,2022-01-31T15:22:16.089661+00:00,19523,int,false
testpoint196,2022-01-31T15:22:16.089701+00:00,60006,int,false
testpoint197,2022-01-31T15:22:16.089756+00:00,73019,int,false
testpoint198,2022-01-31T15:22:16.089797+00:00,46253,int,false
testpoint199,2022-01-31T15:22:16.089837+00:00,38652,int,false
testpoint200,2022-01-31T15:22:16.089893+00:00,47827,int,false
testpoint201,2022-01-31T15:22:16.089934+00:00,65354,int,false
testpoint202,2022-01-31T15:22:16.089973+00:00,95297,int,false
testpoint203,2022-01-31T15:22:16.090034+00:00,41992,int,false
testpoint204,2022-01-31T15:22:16.090077+00:00,67736,int,false
testpoint205,2022-01-31T15:22:16.090135+00:00,81244,int,false
testpoint206,2022-01-31T15:22:16.090176+00:00,24185,int,false
testpoint207,2022-01-31T15:22:16.090215+00:00,849,int,false
testpoint208,2022-01-31T15:22:16.090272+00:00,25094,int,false
testpoint209,2022-01-31T15:22:16.090312+00:00,3576,int,false
testpoint210,2022-01-31T15:22:16.090366+00:00,61559,int,false
testpoint211,2022-01-31T15:22:16.090411+00:00,93028,int,false
testpoint212,2022-01-31T15:22:16.090452+00:00,74588,int,false
testpoint213,2022-01-31T15:22:16.090528+00:00,14221,int,false
testpoint214,2022-01-31T15:22:16.090569+00:00,90221,int,false
testpoint215,2022-01-31T15:22:16.090625+00:00,86364,int,false
testpoint216,2022-01-31T15:22:16.090666+00:00,41123,int,false
testpoint217,2022-01-31T15:22:16.090708+00:00,39227,int,false
testpoint218,2022-01-31T15:22:16.090764+00:00,24170,int,false
testpoint219,2022-01-31T15:22:16.090805+00:00,31824,int,false
testpoint220,2022-01-31T15:22:16.090845+00:00,31756,int,false
testpoint221,2022-01-31T15:22:16.090903+00:00,95301,int,false
testpoint222,2022-01-31T15:22:16.090943+00:00,45555,int,false
testpoint223,2022-01-31T15:22:16.090997+00:00,57851,int,false
testpoint224,2022-01-31T15:22:16.091039+00:00,22821,int,false
testpoint225,2022-01-31T15:22:16.091079+00:00,65404,int,false
testpoint226,2022-01-31T15:22:16.091136+00:00,57965,int,false
testpoint227,2022-01-31T15:22:16.091179+00:00,80549,int,false
testpoint228,2022-01-31T15:22:16.091220+00:00,7603,int,false
testpoint229,2022-01-31T15:22:16.091277+00:00,39098,int,false
testpoint230,2022-01-31T15:22:16.091320+00:00,7758,int,false
testpoint231,2022-01-31T15:22:16.091375+00:00,75721,int,false
testpoint232,2022-01-31T15:22:16.091417+00:00,73727,int,false
testpoint233,2022-01-31T15:22:16.091457+00:00,38394,int,false
testpoint234,2022-01-31T15:22:16.091519+00:00,9268,int,false
testpoint235,2022-01-31T15:22:16.091564+00:00,72420,int,false
testpoint236,2022-01-31T15:22:16.091627+00:00,98527,int,false
testpoint237,2022-01-31T15:22:16.091669+00:00,41573,int,false
testpoint238,2022-01-31T15:22:16.091709+00:00,15725,int,false
testpoint239,2022-01-31T15:22:16.091765+00:00,32048,int,false
testpoint240,2022-01-31T15:22:16.091806+00:00,51440,int,false
testpoint241,2022-01-31T15:22:16.091846+00:00,63230,int,false
testpoint242,2022-01-31T15:22:16.091902+00:00,1665,int,false
testpoint243,2022-01-31T15:22:16.091943+00:00,74825,int,false
testpoint244,2022-01-31T15:22:16.091999+00:00,66939,int,false
testpoint245,2022-01-31T15:22:16.092041+00:00,4116,int,false
testpoint246,2022-01-31T15:22:16.092081+00:00,98099,int,false
testpoint247,2022-01-31T15:22:16.092137+00:00,93891,int,false
testpoint248,2022-01-31T15:22:16.092177+00:00,58842,int,false
testpoint249,2022-01-31T15:22:16.092217+00:00,25538,int,false
testpoint250,2022-01-31T15:22:16.092274+00:00,34995,int,false
testpoint251,2022-01-31T15:22:16.092314+00:00,46915,int,false
testpoint252,2022-01-31T15:22:16.092369+00:00,58772,int,false
testpoint253,2022-01-31T15:22:16.092411+00:00,80513,int,false
testpoint254,2022-01-31T15:22:16.092451+00:00,23023,int,false
testpoint255,2022-01-31T15:22:16.092506+00:00,50776,int,false
testpoint256,2022-01-31T15:22:16.092552+00:00,58099,int,false
testpoint257,2022-01-31T15:22:16.092592+00:00,54495,int,false
testpoint258,2022-01-31T15:22:16.092650+00:00,97099,int,false
testpoint259,2022-01-31T15:22:16.092693+00:00,15910,int,false
testpoint260,2022-01-31T15:22:16.092758+00:00,62219,int,false
testpoint261,2022-01-31T15:22:16.092799+00:00,63977,int,false
testpoint262,2022-01-31T15:22:16.092840+00:00,53934,int,false
testpoint263,2022-01-31T15:22:16.092896+00:00,54470,int,false
testpoint264,2022-01-31T15:22:16.092937+00:00,78539,int,false
testpoint265,2022-01-31T15:22:16.092992+00:00,65938,int,false
testpoint266,2022-01-31T15:22:16.093036+00:00,11251,int,false
testpoint267,2022-01-31T15:22:16.093076+00:00,73093,int,false
testpoint268,2022-01-31T15:22:16.093132+00:00,17507,int,false
testpoint269,2022-01-31T15:22:16.093176+00:00,89100,int,false
testpoint270,2022-01-31T15:22:16.093216+00:00,80713,int,false
testpoint271,2022-01-31T15:22:16.093274+00:00,87695,int,false
testpoint272,2022-01-31T15:22:16.093315+00:00,10203,int,false
testpoint273,2022-01-31T15:22:16.093370+00:00,70051,int,false
testpoint274,2022-01-31T15:22:16.093413+00:00,75355,int,false
testpoint275,2022-01-31T15:22:16.093454+00:00,93130,int,false
testpoint276,2022-01-31T15:22:16.093517+00:00,61847,int,false
testpoint277,2022-01-31T15:22:16.093559+00:00,32872,int,false
testpoint278,2022-01-31T15:22:16.093599+00:00,86171,int,false
testpoint279,2022-01-31T15:22:16.093656+00:00,43017,int,false
testpoint280,2022-01-31T15:22:16.093696+00:00,22961,int,false
testpoint281,2022-01-31T15:22:16.099506+00:00,61959,int,false
testpoint282,2022-01-31T15:22:16.099593+00:00,97873,int,false
testpoint283,2022-01-31T15:22:16.099652+00:00,31016,int,false
testpoint284,2022-01-31T15:22:16.099692+00:00,92771,int,false
testpoint285,2022-01-31T15:22:16.099748+00:00,92692,int,false
testpoint286,2022-01-31T15:22:16.099790+00:00,5829,int,false
testpoint287,2022-01-31T15:22:16.099831+00:00,14891,int,false
testpoint288,2022-01-31T15:22:16.099887+00:00,38703,int,false
testpoint289,2022-01-31T15:22:16.099929+00:00,14009,int,false
testpoint290,2022-01-31T15:22:16.099969+00:00,7031,int,false
testpoint291,2022-01-31T15:22:16.100025+00:00,48741,int,false
testpoint292,2022-01-31T15:22:16.100065+00:00,46467,int,false
testpoint293,2022-01-31T15:22:16.100120+00:00,97609,int,false
testpoint294,2022-01-31T15:22:16.100161+00:00,79460,int,false
testpoint295,2022-01-31T15:22:16.100203+00:00,72705,int,false
testpoint296,2022-01-31T15:22:16.100258+00:00,72524,int,false
testpoint297,2022-01-31T15:22:16.100299+00:00,14141,int,false
testpoint298,2022-01-31T15:22:16.100339+00:00,37842,int,false
testpoint299,2022-01-31T15:22:16.100395+00:00,59446,int,false
testpoint300,2022-01-31T15:22:16.100437+00:00,15487,int,false
testpoint301,2022-01-31T15:22:16.100491+00:00,52362,int,false
testpoint302,2022-01-31T15:22:16.100533+00:00,27424,int,false
testpoint303,2022-01-31T15:22:16.100573+00:00,34809,int,false
testpoint304,2022-01-31T15:22:16.100629+00:00,62037,int,false
testpoint305,2022-01-31T15:22:16.100670+00:00,73722,int,false
testpoint306,2022-01-31T15:22:16.100709+00:00,44857,int,false
testpoint307,2022-01-31T15:22:16.100764+00:00,74028,int,false
testpoint308,2022-01-31T15:22:16.100804+00:00,62648,int,false
testpoint309,2022-01-31T15:22:16.100844+00:00,51291,int,false
testpoint310,2022-01-31T15:22:16.100900+00:00,55573,int,false
testpoint311,2022-01-31T15:22:16.100949+00:00,11389,int,false
testpoint312,2022-01-31T15:22:16.101005+00:00,57554,int,false
testpoint313,2022-01-31T15:22:16.101045+00:00,77197,int,false
testpoint314,2022-01-31T15:22:16.101084+00:00,82323,int,false
testpoint315,2022-01-31T15:22:16.101140+00:00,39708,int,false
testpoint316,2022-01-31T15:22:16.101180+00:00,42740,int,false
testpoint317,2022-01-31T15:22:16.101220+00:00,79130,int,false
testpoint318,2022-01-31T15:22:16.101277+00:00,42292,int,false
testpoint319,2022-01-31T15:22:16.101317+00:00,31918,int,false
testpoint320,2022-01-31T15:22:16.101371+00:00,62637,int,false
testpoint321,2022-01-31T15:22:16.101414+00:00,90518,int,false
testpoint322,2022-01-31T15:22:16.101454+00:00,12712,int,false
testpoint323,2022-01-31T15:22:16.101509+00:00,42190,int,false
testpoint324,2022-01-31T15:22:16.101550+00:00,92936,int,false
testpoint325,2022-01-31T15:22:16.101589+00:00,70947,int,false
testpoint326,2022-01-31T15:22:16.101645+00:00,69563,int,false
testpoint327,2022-01-31T15:22:16.101685+00:00,23286,int,false
testpoint328,2022-01-31T15:22:16.101725+00:00,80770,int,false
testpoint329,2022-01-31T15:22:16.101781+00:00,79478,int,false
testpoint330,2022-01-31T15:22:16.101821+00:00,33578,int,false
testpoint331,2022-01-31T15:22:16.101875+00:00,88426,int,false
testpoint332,2022-01-31T15:22:16.101916+00:00,68725,int,false
testpoint333,2022-01-31T15:22:16.101957+00:00,93087,int,false
testpoint334,2022-01-31T15:22:16.102013+00:00,81027,int,false
testpoint335,2022-01-31T15:22:16.102054+00:00,97958,int,false
testpoint336,2022-01-31T15:22:16.102094+00:00,52638,int,false
testpoint337,2022-01-31T15:22:16.102157+00:00,49211,int,false
testpoint338,2022-01-31T15:22:16.102198+00:00,11384,int,false
testpoint339,2022-01-31T15:22:16.102260+00:00,76372,int,false
testpoint340,2022-01-31T15:22:16.102300+00:00,73444,int,false
testpoint341,2022-01-31T15:22:16.102340+00:00,11289,int,false
testpoint342,2022-01-31T15:22:16.102396+00:00,66214,int,false
testpoint343,2022-01-31T15:22:16.102436+00:00,78566,int,false
testpoint344,2022-01-31T15:22:16.102475+00:00,62104,int,false
testpoint345,2022-01-31T15:22:16.102532+00:00,80943,int,false
testpoint346,2022-01-31T15:22:16.102571+00:00,29861,int,false
testpoint347,2022-01-31T15:22:16.102626+00:00,62167,int,false
testpoint348,2022-01-31T15:22:16.102668+00:00,71556,int,false
testpoint349,2022-01-31T15:22:16.102708+00:00,37871,int,false
testpoint350,2022-01-31T15:22:16.102764+00:00,81093,int,false
testpoint351,2022-01-31T15:22:16.102804+00:00,74003,int,false
testpoint352,2022-01-31T15:22:16.102843+00:00,45375,int,false
testpoint353,2022-01-31T15:22:16.102901+00:00,37668,int,false
testpoint354,2022-01-31T15:22:16.102941+00:00,52067,int,false
testpoint355,2022-01-31T15:22:16.102995+00:00,87310,int,false
testpoint356,2022-01-31T15:22:16.103038+00:00,81658,int,false
testpoint357,2022-01-31T15:22:16.103078+00:00,78244,int,false
testpoint358,2022-01-31T15:22:16.103135+00:00,15981,int,false
testpoint359,2022-01-31T15:22:16.103176+00:00,46670,int,false
testpoint360,2022-01-31T15:22:16.103215+00:00,23754,int,false
testpoint361,2022-01-31T15:22:16.103272+00:00,14469,int,false
testpoint362,2022-01-31T15:22:16.103311+00:00,6755,int,false
testpoint363,2022-01-31T15:22:16.103351+00:00,58928,int,false
testpoint364,2022-01-31T15:22:16.103407+00:00,60766,int,false
testpoint365,2022-01-31T15:22:16.103447+00:00,77010,int,false
testpoint366,2022-01-31T15:22:16.103502+00:00,99935,int,false
testpoint367,2022-01-31T15:22:16.103543+00:00,2053,int,false
testpoint368,2022-01-31T15:22:16.103582+00:00,86371,int,false
testpoint369,2022-01-31T15:22:16.103655+00:00,87558,int,false
testpoint370,2022-01-31T15:22:16.103696+00:00,63359,int,false
testpoint371,2022-01-31T15:22:16.103752+00:00,10499,int,false
testpoint372,2022-01-31T15:22:16.103793+00:00,75116,int,false
testpoint373,2022-01-31T15:22:16.103832+00:00,71203,int,false
testpoint374,2022-01-31T15:22:16.103888+00:00,87638,int,false
testpoint375,2022-01-31T15:22:16.103928+00:00,39881,int,false
testpoint376,2022-01-31T15:22:16.103968+00:00,4551,int,false
testpoint377,2022-01-31T15:22:16.104024+00:00,45952,int,false
testpoint378,2022-01-31T15:22:16.104064+00:00,29155,int,false
testpoint379,2022-01-31T15:22:16.104118+00:00,26692,int,false
testpoint380,2022-01-31T15:22:16.104159+00:00,45760,int,false
testpoint381,2022-01-31T15:22:16.104200+00:00,26808,int,false
testpoint382,2022-01-31T15:22:16.104255+00:00,36279,int,false
testpoint383,2022-01-31T15:22:16.104296+00:00,75195,int,false
testpoint384,2022-01-31T15:22:16.104335+00:00,92877,int,false
testpoint385,2022-01-31T15:22:16.104401+00:00,92225,int,false
testpoint386,2022-01-31T15:22:16.104442+00:00,20123,int,false
testpoint387,2022-01-31T15:22:16.104498+00:00,97841,int,false
testpoint388,2022-01-31T15:22:16.104545+00:00,4386,int,false
testpoint389,2022-01-31T15:22:16.104584+00:00,60273,int,false
testpoint390,2022-01-31T15:22:16.104640+00:00,10090,int,false
testpoint391,2022-01-31T15:22:16.104681+00:00,86268,int,false
testpoint392,2022-01-31T15:22:16.104720+00:00,26964,int,false
testpoint393,2022-01-31T15:22:16.104778+00:00,27323,int,false
testpoint394,2022-01-31T15:22:16.104819+00:00,18104,int,false
testpoint395,2022-01-31T15:22:16.104874+00:00,34019,int,false
testpoint396,2022-01-31T15:22:16.104915+00:00,1010,int,false
testpoint397,2022-01-31T15:22:16.104955+00:00,36997,int,false
testpoint398,2022-01-31T15:22:16.105012+00:00,47341,int,false
testpoint399,2022-01-31T15:22:16.105055+00:00,47634,int,false
testpoint400,2022-01-31T15:22:16.105094+00:00,28606,int,false
testpoint401,2022-01-31T15:22:16.105151+00:00,16526,int,false
testpoint402,2022-01-31T15:22:16.105283+00:00,29358,int,false
testpoint403,2022-01-31T15:22:16.105327+00:00,42946,int,false
testpoint404,2022-01-31T15:22:16.105367+00:00,63083,int,false
testpoint405,2022-01-31T15:22:16.105429+00:00,56600,int,false
testpoint406,2022-01-31T15:22:16.105470+00:00,7708,int,false
testpoint407,2022-01-31T15:22:16.105536+00:00,34649,int,false
testpoint408,2022-01-31T15:22:16.105577+00:00,37201,int,false
testpoint409,2022-01-31T15:22:16.105633+00:00,44193,int,false
testpoint410,2022-01-31T15:22:16.105675+00:00,33608,int,false
testpoint411,2022-01-31T15:22:16.105720+00:00,7949,int,false
testpoint412,2022-01-31T15:22:16.105780+00:00,276,int,false
testpoint413,2022-01-31T15:22:16.105822+00:00,26026,int,false
testpoint414,2022-01-31T15:22:16.105878+00:00,63533,int,false
testpoint415,2022-01-31T15:22:16.105921+00:00,41618,int,false
testpoint416,2022-01-31T15:22:16.105961+00:00,59373,int,false
testpoint417,2022-01-31T15:22:16.106021+00:00,40147,int,false
testpoint418,2022-01-31T15:22:16.106065+00:00,73091,int,false
testpoint419,2022-01-31T15:22:16.106121+00:00,1662,int,false
testpoint420,2022-01-31T15:22:16.106163+00:00,47714,int,false
testpoint421,2022-01-31T15:22:16.106203+00:00,14537,int,false
testpoint422,2022-01-31T15:22:16.106261+00:00,37901,int,false
testpoint423,2022-01-31T15:22:16.106302+00:00,65843,int,false
testpoint424,2022-01-31T15:22:16.106342+00:00,69051,int,false
testpoint425,2022-01-31T15:22:16.106398+00:00,43413,int,false
testpoint426,2022-01-31T15:22:16.106439+00:00,94991,int,false
testpoint427,2022-01-31T15:22:16.106495+00:00,92476,int,false
testpoint428,2022-01-31T15:22:16.106538+00:00,64137,int,false
testpoint429,2022-01-31T15:22:16.106579+00:00,40514,int,false
testpoint430,2022-01-31T15:22:16.106634+00:00,36380,int,false
testpoint431,2022-01-31T15:22:16.106675+00:00,55609,int,false
testpoint432,2022-01-31T15:22:16.106752+00:00,64498,int,false
testpoint433,2022-01-31T15:22:16.106793+00:00,92143,int,false
testpoint434,2022-01-31T15:22:16.106833+00:00,50813,int,false
testpoint435,2022-01-31T15:22:16.106888+00:00,52456,int,false
testpoint436,2022-01-31T15:22:16.106929+00:00,3141,int,false
testpoint437,2022-01-31T15:22:16.106969+00:00,29897,int,false
testpoint438,2022-01-31T15:22:16.107025+00:00,58741,int,false
testpoint439,2022-01-31T15:22:16.107065+00:00,70366,int,false
testpoint440,2022-01-31T15:22:16.107121+00:00,8849,int,false
testpoint441,2022-01-31T15:22:16.107162+00:00,77042,int,false
testpoint442,2022-01-31T15:22:16.107203+00:00,29723,int,false
testpoint443,2022-01-31T15:22:16.107258+00:00,47135,int,false
testpoint444,2022-01-31T15:22:16.107301+00:00,64032,int,false
testpoint445,2022-01-31T15:22:16.107342+00:00,23306,int,false
testpoint446,2022-01-31T15:22:16.107407+00:00,97911,int,false
testpoint447,2022-01-31T15:22:16.107447+00:00,56495,int,false
testpoint448,2022-01-31T15:22:16.107508+00:00,66012,int,false
testpoint449,2022-01-31T15:22:16.107549+00:00,22859,int,false
testpoint450,2022-01-31T15:22:16.107590+00:00,87035,int,false
testpoint451,2022-01-31T15:22:16.107646+00:00,28984,int,false
testpoint452,2022-01-31T15:22:16.107687+00:00,75922,int,false
testpoint453,2022-01-31T15:22:16.107743+00:00,12046,int,false
testpoint454,2022-01-31T15:22:16.107785+00:00,1229,int,false
testpoint455,2022-01-31T15:22:16.107825+00:00,30955,int,false
testpoint456,2022-01-31T15:22:16.107882+00:00,27535,int,false
testpoint457,2022-01-31T15:22:16.107923+00:00,61319,int,false
testpoint458,2022-01-31T15:22:16.107962+00:00,30562,int,false
testpoint459,2022-01-31T15:22:16.108019+00:00,15576,int,false
testpoint460,2022-01-31T15:22:16.108062+00:00,31481,int,false
testpoint461,2022-01-31T15:22:16.108101+00:00,76347,int,false
testpoint462,2022-01-31T15:22:16.108158+00:00,48055,int,false
testpoint463,2022-01-31T15:22:16.108199+00:00,56264,int,false
testpoint464,2022-01-31T15:22:16.108267+00:00,23496,int,false
testpoint465,2022-01-31T15:22:16.108308+00:00,85521,int,false
testpoint466,2022-01-31T15:22:16.108350+00:00,90138,int,false
testpoint467,2022-01-31T15:22:16.108407+00:00,60730,int,false
testpoint468,2022-01-31T15:22:16.108449+00:00,72165,int,false
testpoint469,2022-01-31T15:22:16.108511+00:00,51197,int,false
testpoint470,2022-01-31T15:22:16.108553+00:00,71325,int,false
testpoint471,2022-01-31T15:22:16.108593+00:00,29073,int,false
testpoint472,2022-01-31T15:22:16.108650+00:00,70438,int,false
testpoint473,2022-01-31T15:22:16.108691+00:00,61997,int,false
testpoint474,2022-01-31T15:22:16.108745+00:00,41828,int,false
testpoint475,2022-01-31T15:22:16.108786+00:00,57126,int,false
testpoint476,2022-01-31T15:22:16.108826+00:00,56654,int,false
testpoint477,2022-01-31T15:22:16.108882+00:00,66979,int,false
testpoint478,2022-01-31T15:22:16.108925+00:00,49739,int,false
testpoint479,2022-01-31T15:22:16.108964+00:00,15844,int,false
testpoint480,2022-01-31T15:22:16.109019+00:00,1790,int,false
testpoint481,2022-01-31T15:22:16.109059+00:00,87689,int,false
testpoint482,2022-01-31T15:22:16.109099+00:00,90011,int,false
testpoint483,2022-01-31T15:22:16.109155+00:00,44611,int,false
testpoint484,2022-01-31T15:22:16.109195+00:00,34837,int,false
testpoint485,2022-01-31T15:22:16.109251+00:00,16188,int,false
testpoint486,2022-01-31T15:22:16.109292+00:00,81912,int,false
testpoint487,2022-01-31T15:22:16.109331+00:00,15976,int,false
testpoint488,2022-01-31T15:22:16.109389+00:00,36117,int,false
testpoint489,2022-01-31T15:22:16.109430+00:00,62346,int,false
testpoint490,2022-01-31T15:22:16.109473+00:00,54132,int,false
testpoint491,2022-01-31T15:22:16.109530+00:00,76057,int,false
testpoint492,2022-01-31T15:22:16.109587+00:00,34790,int,false
testpoint493,2022-01-31T15:22:16.109644+00:00,91502,int,false
testpoint494,2022-01-31T15:22:16.109685+00:00,85035,int,false
testpoint495,2022-01-31T15:22:16.109749+00:00,30995,int,false
testpoint496,2022-01-31T15:22:16.109790+00:00,42058,int,false
testpoint497,2022-01-31T15:22:16.109830+00:00,13370,int,false
testpoint498,2022-01-31T15:22:16.109885+00:00,65056,int,false
testpoint499,2022-01-31T15:22:16.109926+00:00,59566,int,false
testpoint500,2022-01-31T15:22:16.109966+00:00,10465,int,false
testpoint501,2022-01-31T15:22:16.110022+00:00,60316,int,false
testpoint502,2022-01-31T15:22:16.110062+00:00,29901,int,false
testpoint503,2022-01-31T15:22:16.110101+00:00,70575,int,false
testpoint504,2022-01-31T15:22:16.110163+00:00,30327,int,false
testpoint505,2022-01-31T15:22:16.110204+00:00,93886,int,false
testpoint506,2022-01-31T15:22:16.110265+00:00,31528,int,false
testpoint507,2022-01-31T15:22:16.110306+00:00,22251,int,false
testpoint508,2022-01-31T15:22:16.110346+00:00,63665,int,false
testpoint509,2022-01-31T15:22:16.110404+00:00,78409,int,false
testpoint510,2022-01-31T15:22:16.110444+00:00,139,int,false
testpoint511,2022-01-31T15:22:16.110499+00:00,11230,int,false
testpoint512,2022-01-31T15:22:16.110540+00:00,55056,int,false
testpoint513,2022-01-31T15:22:16.110580+00:00,89457,int,false
testpoint514,2022-01-31T15:22:16.110635+00:00,33825,int,false
testpoint515,2022-01-31T15:22:16.110676+00:00,97623,int,false
testpoint516,2022-01-31T15:22:16.110715+00:00,84672,int,false
testpoint517,2022-01-31T15:22:16.110772+00:00,42319,int,false
testpoint518,2022-01-31T15:22:16.110812+00:00,44804,int,false
testpoint519,2022-01-31T15:22:16.110867+00:00,52376,int,false
testpoint520,2022-01-31T15:22:16.110909+00:00,57660,int,false
testpoint521,2022-01-31T15:22:16.110949+00:00,62369,int,false
testpoint522,2022-01-31T15:22:16.111006+00:00,44093,int,false
testpoint523,2022-01-31T15:22:16.111047+00:00,24374,int,false
testpoint524,2022-01-31T15:22:16.111088+00:00,67342,int,false
testpoint525,2022-01-31T15:22:16.111144+00:00,81407,int,false
testpoint526,2022-01-31T15:22:16.111185+00:00,99588,int,false
testpoint527,2022-01-31T15:22:16.111225+00:00,74566,int,false
testpoint528,2022-01-31T15:22:16.111288+00:00,38470,int,false
testpoint529,2022-01-31T15:22:16.111329+00:00,4410,int,false
testpoint530,2022-01-31T15:22:16.111385+00:00,30375,int,false
testpoint531,2022-01-31T15:22:16.111427+00:00,54802,int,false
testpoint532,2022-01-31T15:22:16.111467+00:00,11403,int,false
testpoint533,2022-01-31T15:22:16.111527+00:00,27464,int,false
testpoint534,2022-01-31T15:22:16.111568+00:00,2984,int,false
testpoint535,2022-01-31T15:22:16.111623+00:00,15676,int,false
testpoint536,2022-01-31T15:22:16.111665+00:00,68944,int,false
testpoint537,2022-01-31T15:22:16.111706+00:00,41045,int,false
testpoint538,2022-01-31T15:22:16.111776+00:00,32382,int,false
testpoint539,2022-01-31T15:22:16.111817+00:00,84044,int,false
testpoint540,2022-01-31T15:22:16.111873+00:00,75956,int,false
testpoint541,2022-01-31T15:22:16.111915+00:00,78231,int,false
testpoint542,2022-01-31T15:22:16.111955+00:00,94312,int,false
testpoint543,2022-01-31T15:22:16.112011+00:00,60086,int,false
testpoint544,2022-01-31T15:22:16.112052+00:00,78885,int,false
testpoint545,2022-01-31T15:22:16.112092+00:00,66064,int,false
testpoint546,2022-01-31T15:22:16.112149+00:00,49619,int,false
testpoint547,2022-01-31T15:22:16.112191+00:00,10921,int,false
testpoint548,2022-01-31T15:22:16.112258+00:00,47848,int,false
testpoint549,2022-01-31T15:22:16.112309+00:00,85137,int,false
testpoint550,2022-01-31T15:22:16.112351+00:00,10775,int,false
testpoint551,2022-01-31T15:22:16.112429+00:00,54922,int,false
testpoint552,2022-01-31T15:22:16.112470+00:00,18008,int,false
testpoint553,2022-01-31T15:22:16.112531+00:00,3513,int,false
testpoint554,2022-01-31T15:22:16.112599+00:00,53490,int,false
testpoint555,2022-01-31T15:22:16.112659+00:00,86013,int,false
testpoint556,2022-01-31T15:22:16.112699+00:00,2317,int,false
testpoint557,2022-01-31T15:22:16.112756+00:00,79461,int,false
testpoint558,2022-01-31T15:22:16.112806+00:00,40025,int,false
testpoint559,2022-01-31T15:22:16.112847+00:00,91720,int,false
testpoint560,2022-01-31T15:22:16.112908+00:00,77960,int,false
testpoint561,2022-01-31T15:22:16.112948+00:00,64466,int,false
testpoint562,2022-01-31T15:22:16.113006+00:00,57618,int,false
testpoint563,2022-01-31T15:22:16.113048+00:00,57447,int,false
testpoint564,2022-01-31T15:22:16.113088+00:00,87849,int,false
testpoint565,2022-01-31T15:22:16.113145+00:00,68641,int,false
testpoint566,2022-01-31T15:22:16.113185+00:00,23904,int,false
testpoint567,2022-01-31T15:22:16.113243+00:00,44663,int,false
testpoint568,2022-01-31T15:22:16.113284+00:00,36749,int,false
testpoint569,2022-01-31T15:22:16.113326+00:00,88216,int,false
testpoint570,2022-01-31T15:22:16.113381+00:00,86483,int,false
testpoint571,2022-01-31T15:22:16.113423+00:00,90751,int,false
testpoint572,2022-01-31T15:22:16.113464+00:00,19030,int,false
testpoint573,2022-01-31T15:22:16.113520+00:00,22801,int,false
testpoint574,2022-01-31T15:22:16.113561+00:00,68840,int,false
testpoint575,2022-01-31T15:22:16.113600+00:00,2148,int,false
testpoint576,2022-01-31T15:22:16.113657+00:00,64013,int,false
testpoint577,2022-01-31T15:22:16.113697+00:00,87229,int,false
testpoint578,2022-01-31T15:22:16.113753+00:00,91338,int,false
testpoint579,2022-01-31T15:22:16.113794+00:00,58444,int,false
testpoint580,2022-01-31T15:22:16.113836+00:00,2354,int,false
testpoint581,2022-01-31T15:22:16.113893+00:00,24528,int,false
testpoint582,2022-01-31T15:22:16.113935+00:00,37528,int,false
testpoint583,2022-01-31T15:22:16.113975+00:00,5205,int,false
testpoint584,2022-01-31T15:22:16.114048+00:00,82578,int,false
testpoint585,2022-01-31T15:22:16.114088+00:00,5762,int,false
testpoint586,2022-01-31T15:22:16.114148+00:00,15274,int,false
testpoint587,2022-01-31T15:22:16.114194+00:00,96167,int,false
testpoint588,2022-01-31T15:22:16.114249+00:00,55182,int,false
testpoint589,2022-01-31T15:22:16.114290+00:00,12299,int,false
testpoint590,2022-01-31T15:22:16.114330+00:00,89331,int,false
testpoint591,2022-01-31T15:22:16.114386+00:00,36007,int,false
testpoint592,2022-01-31T15:22:16.114427+00:00,90432,int,false
testpoint593,2022-01-31T15:22:16.114470+00:00,26384,int,false
testpoint594,2022-01-31T15:22:16.114529+00:00,85074,int,false
testpoint595,2022-01-31T15:22:16.114569+00:00,55882,int,false
testpoint596,2022-01-31T15:22:16.114624+00:00,42287,int,false
testpoint597,2022-01-31T15:22:16.114667+00:00,55756,int,false
testpoint598,2022-01-31T15:22:16.114707+00:00,97068,int,false
testpoint599,2022-01-31T15:22:16.114763+00:00,16266,int,false
testpoint600,2022-01-31T15:22:16.114809+00:00,62395,int,false
testpoint601,2022-01-31T15:22:16.114849+00:00,34230,int,false
testpoint602,2022-01-31T15:22:16.114906+00:00,14059,int,false
testpoint603,2022-01-31T15:22:16.114947+00:00,68538,int,false
testpoint604,2022-01-31T15:22:16.115004+00:00,4382,int,false
testpoint605,2022-01-31T15:22:16.115045+00:00,1946,int,false
testpoint606,2022-01-31T15:22:16.115089+00:00,50967,int,false
testpoint607,2022-01-31T15:22:16.115147+00:00,37741,int,false
testpoint608,2022-01-31T15:22:16.115254+00:00,74111,int,false
testpoint609,2022-01-31T15:22:16.115312+00:00,24833,int,false
testpoint610,2022-01-31T15:22:16.115367+00:00,18841,int,false
testpoint611,2022-01-31T15:22:16.115410+00:00,8041,int,false
testpoint612,2022-01-31T15:22:16.115452+00:00,31901,int,false
testpoint613,2022-01-31T15:22:16.115508+00:00,76807,int,false
testpoint614,2022-01-31T15:22:16.115550+00:00,15862,int,false
testpoint615,2022-01-31T15:22:16.115591+00:00,61,int,false
testpoint616,2022-01-31T15:22:16.115646+00:00,56922,int,false
testpoint617,2022-01-31T15:22:16.115686+00:00,94509,int,false
testpoint618,2022-01-31T15:22:16.115740+00:00,9434,int,false
testpoint619,2022-01-31T15:22:16.115783+00:00,93482,int,false
testpoint620,2022-01-31T15:22:16.115823+00:00,61389,int,false
testpoint621,2022-01-31T15:22:16.115896+00:00,4484,int,false
testpoint622,2022-01-31T15:22:16.115937+00:00,57796,int,false
testpoint623,2022-01-31T15:22:16.115992+00:00,27912,int,false
testpoint624,2022-01-31T15:22:16.116034+00:00,99701,int,false
testpoint625,2022-01-31T15:22:16.116074+00:00,1253,int,false
testpoint626,2022-01-31T15:22:16.116131+00:00,84642,int,false
testpoint627,2022-01-31T15:22:16.116172+00:00,91847,int,false
testpoint628,2022-01-31T15:22:16.116213+00:00,6926,int,false
testpoint629,2022-01-31T15:22:16.116271+00:00,43567,int,false
testpoint630,2022-01-31T15:22:16.116319+00:00,35438,int,false
testpoint631,2022-01-31T15:22:16.116375+00:00,55985,int,false
testpoint632,2022-01-31T15:22:16.116424+00:00,82901,int,false
testpoint633,2022-01-31T15:22:16.116466+00:00,93733,int,false
testpoint634,2022-01-31T15:22:16.116523+00:00,52975,int,false
testpoint635,2022-01-31T15:22:16.116563+00:00,38460,int,false
testpoint636,2022-01-31T15:22:16.116617+00:00,23893,int,false
testpoint637,2022-01-31T15:22:16.116660+00:00,98721,int,false
testpoint638,2022-01-31T15:22:16.116700+00:00,90797,int,false
testpoint639,2022-01-31T15:22:16.116757+00:00,32483,int,false
testpoint640,2022-01-31T15:22:16.116798+00:00,80235,int,false
testpoint641,2022-01-31T15:22:16.116837+00:00,5710,int,false
testpoint642,2022-01-31T15:22:16.116893+00:00,83754,int,false
testpoint643,2022-01-31T15:22:16.116934+00:00,79008,int,false
testpoint644,2022-01-31T15:22:16.116973+00:00,6667,int,false
testpoint645,2022-01-31T15:22:16.117029+00:00,67022,int,false
testpoint646,2022-01-31T15:22:16.117070+00:00,6864,int,false
testpoint647,2022-01-31T15:22:16.117125+00:00,95450,int,false
testpoint648,2022-01-31T15:22:16.117166+00:00,60749,int,false
testpoint649,2022-01-31T15:22:16.117207+00:00,42810,int,false
testpoint650,2022-01-31T15:22:16.117262+00:00,77243,int,false
testpoint651,2022-01-31T15:22:16.117303+00:00,47969,int,false
testpoint652,2022-01-31T15:22:16.117343+00:00,98042,int,false
testpoint653,2022-01-31T15:22:16.117400+00:00,12283,int,false
testpoint654,2022-01-31T15:22:16.117439+00:00,79161,int,false
testpoint655,2022-01-31T15:22:16.117503+00:00,60068,int,false
testpoint656,2022-01-31T15:22:16.117544+00:00,75920,int,false
testpoint657,2022-01-31T15:22:16.117584+00:00,70213,int,false
testpoint658,2022-01-31T15:22:16.117640+00:00,34011,int,false
testpoint659,2022-01-31T15:22:16.117681+00:00,69507,int,false
testpoint660,2022-01-31T15:22:16.117720+00:00,90181,int,false
testpoint661,2022-01-31T15:22:16.117777+00:00,47136,int,false
testpoint662,2022-01-31T15:22:16.117817+00:00,581,int,false
testpoint663,2022-01-31T15:22:16.117871+00:00,46729,int,false
testpoint664,2022-01-31T15:22:16.117913+00:00,6330,int,false
testpoint665,2022-01-31T15:22:16.117953+00:00,90163,int,false
testpoint666,2022-01-31T15:22:16.118007+00:00,10388,int,false
testpoint667,2022-01-31T15:22:16.118048+00:00,25308,int,false
testpoint668,2022-01-31T15:22:16.118088+00:00,26376,int,false
testpoint669,2022-01-31T15:22:16.118150+00:00,80247,int,false
testpoint670,2022-01-31T15:22:16.118191+00:00,83620,int,false
testpoint671,2022-01-31T15:22:16.118253+00:00,94320,int,false
testpoint672,2022-01-31T15:22:16.118294+00:00,46273,int,false
testpoint673,2022-01-31T15:22:16.118334+00:00,20436,int,false
testpoint674,2022-01-31T15:22:16.118389+00:00,35309,int,false
testpoint675,2022-01-31T15:22:16.118431+00:00,96680,int,false
testpoint676,2022-01-31T15:22:16.118492+00:00,41244,int,false
testpoint677,2022-01-31T15:22:16.118535+00:00,64385,int,false
testpoint678,2022-01-31T15:22:16.118575+00:00,84769,int,false
testpoint679,2022-01-31T15:22:16.118630+00:00,63913,int,false
testpoint680,2022-01-31T15:22:16.118671+00:00,25820,int,false
testpoint681,2022-01-31T15:22:16.118721+00:00,86428,int,false
testpoint682,2022-01-31T15:22:16.118779+00:00,26894,int,false
testpoint683,2022-01-31T15:22:16.118819+00:00,17786,int,false
testpoint684,2022-01-31T15:22:16.118881+00:00,82719,int,false
testpoint685,2022-01-31T15:22:16.118922+00:00,65103,int,false
testpoint686,2022-01-31T15:22:16.118963+00:00,40363,int,false
testpoint687,2022-01-31T15:22:16.119018+00:00,38295,int,false
testpoint688,2022-01-31T15:22:16.119060+00:00,93961,int,false
testpoint689,2022-01-31T15:22:16.119100+00:00,24408,int,false
testpoint690,2022-01-31T15:22:16.119157+00:00,92993,int,false
testpoint691,2022-01-31T15:22:16.119196+00:00,36030,int,false
testpoint692,2022-01-31T15:22:16.119253+00:00,67273,int,false
testpoint693,2022-01-31T15:22:16.119294+00:00,87068,int,false
testpoint694,2022-01-31T15:22:16.119334+00:00,7029,int,false
testpoint695,2022-01-31T15:22:16.119388+00:00,46183,int,false
testpoint696,2022-01-31T15:22:16.119429+00:00,40713,int,false
testpoint697,2022-01-31T15:22:16.119470+00:00,35557,int,false
testpoint698,2022-01-31T15:22:16.119526+00:00,46360,int,false
testpoint699,2022-01-31T15:22:16.119566+00:00,19722,int,false
testpoint700,2022-01-31T15:22:16.119620+00:00,57326,int,false
testpoint701,2022-01-31T15:22:16.119664+00:00,66870,int,false
testpoint702,2022-01-31T15:22:16.119706+00:00,97837,int,false
testpoint703,2022-01-31T15:22:16.119761+00:00,76447,int,false
testpoint704,2022-01-31T15:22:16.119803+00:00,51453,int,false
testpoint705,2022-01-31T15:22:16.119842+00:00,50472,int,false
testpoint706,2022-01-31T15:22:16.119898+00:00,25063,int,false
testpoint707,2022-01-31T15:22:16.119938+00:00,98374,int,false
testpoint708,2022-01-31T15:22:16.119993+00:00,34794,int,false
testpoint709,2022-01-31T15:22:16.120036+00:00,52931,int,false
testpoint710,2022-01-31T15:22:16.120076+00:00,94392,int,false
testpoint711,2022-01-31T15:22:16.120131+00:00,72728,int,false
testpoint712,2022-01-31T15:22:16.120171+00:00,30109,int,false
testpoint713,2022-01-31T15:22:16.120211+00:00,55231,int,false
testpoint714,2022-01-31T15:22:16.120267+00:00,9899,int,false
testpoint715,2022-01-31T15:22:16.120307+00:00,99464,int,false
testpoint716,2022-01-31T15:22:16.120378+00:00,18393,int,false
testpoint717,2022-01-31T15:22:16.120421+00:00,85680,int,false
testpoint718,2022-01-31T15:22:16.120461+00:00,54450,int,false
testpoint719,2022-01-31T15:22:16.120520+00:00,90955,int,false
testpoint720,2022-01-31T15:22:16.120560+00:00,529,int,false
testpoint721,2022-01-31T15:22:16.120600+00:00,62276,int,false
testpoint722,2022-01-31T15:22:16.120663+00:00,48854,int,false
testpoint723,2022-01-31T15:22:16.120703+00:00,26432,int,false
testpoint724,2022-01-31T15:22:16.120758+00:00,80131,int,false
testpoint725,2022-01-31T15:22:16.120798+00:00,2114,int,false
testpoint726,2022-01-31T15:22:16.120838+00:00,99043,int,false
testpoint727,2022-01-31T15:22:16.120893+00:00,75682,int,false
testpoint728,2022-01-31T15:22:16.120934+00:00,13720,int,false
testpoint729,2022-01-31T15:22:16.120973+00:00,21653,int,false
testpoint730,2022-01-31T15:22:16.121028+00:00,23073,int,false
testpoint731,2022-01-31T15:22:16.121067+00:00,84229,int,false
testpoint732,2022-01-31T15:22:16.121123+00:00,66121,int,false
testpoint733,2022-01-31T15:22:16.121164+00:00,11630,int,false
testpoint734,2022-01-31T15:22:16.121204+00:00,63253,int,false
testpoint735,2022-01-31T15:22:16.121262+00:00,87433,int,false
testpoint736,2022-01-31T15:22:16.121302+00:00,98264,int,false
testpoint737,2022-01-31T15:22:16.121341+00:00,60644,int,false
testpoint738,2022-01-31T15:22:16.121397+00:00,47077,int,false
testpoint739,2022-01-31T15:22:16.121437+00:00,70708,int,false
testpoint740,2022-01-31T15:22:16.121476+00:00,26516,int,false
testpoint741,2022-01-31T15:22:16.121533+00:00,58554,int,false
testpoint742,2022-01-31T15:22:16.121574+00:00,92310,int,false
testpoint743,2022-01-31T15:22:16.121628+00:00,31971,int,false
testpoint744,2022-01-31T15:22:16.121668+00:00,38756,int,false
testpoint745,2022-01-31T15:22:16.121708+00:00,62363,int,false
testpoint746,2022-01-31T15:22:16.121762+00:00,30611,int,false
testpoint747,2022-01-31T15:22:16.121810+00:00,53565,int,false
testpoint748,2022-01-31T15:22:16.121851+00:00,50945,int,false
testpoint749,2022-01-31T15:22:16.121908+00:00,46553,int,false
testpoint750,2022-01-31T15:22:16.121949+00:00,36729,int,false
testpoint751,2022-01-31T15:22:16.122004+00:00,60021,int,false
testpoint752,2022-01-31T15:22:16.122046+00:00,11523,int,false
testpoint753,2022-01-31T15:22:16.122086+00:00,44583,int,false
testpoint754,2022-01-31T15:22:16.122142+00:00,10573,int,false
testpoint755,2022-01-31T15:22:16.122183+00:00,52758,int,false
testpoint756,2022-01-31T15:22:16.122246+00:00,39180,int,false
testpoint757,2022-01-31T15:22:16.122287+00:00,62391,int,false
testpoint758,2022-01-31T15:22:16.122327+00:00,71323,int,false
testpoint759,2022-01-31T15:22:16.122382+00:00,55504,int,false
testpoint760,2022-01-31T15:22:16.122423+00:00,65073,int,false
testpoint761,2022-01-31T15:22:16.122462+00:00,55784,int,false
testpoint762,2022-01-31T15:22:16.122518+00:00,83770,int,false
testpoint763,2022-01-31T15:22:16.122558+00:00,38081,int,false
testpoint764,2022-01-31T15:22:16.122598+00:00,43379,int,false
testpoint765,2022-01-31T15:22:16.122654+00:00,44688,int,false
testpoint766,2022-01-31T15:22:16.122693+00:00,69452,int,false
testpoint767,2022-01-31T15:22:16.122747+00:00,46457,int,false
testpoint768,2022-01-31T15:22:16.122795+00:00,66651,int,false
testpoint769,2022-01-31T15:22:16.122837+00:00,65080,int,false
testpoint770,2022-01-31T15:22:16.122892+00:00,23996,int,false
testpoint771,2022-01-31T15:22:16.122935+00:00,99853,int,false
testpoint772,2022-01-31T15:22:16.122974+00:00,55838,int,false
testpoint773,2022-01-31T15:22:16.123032+00:00,20983,int,false
testpoint774,2022-01-31T15:22:16.123072+00:00,11407,int,false
testpoint775,2022-01-31T15:22:16.123129+00:00,77151,int,false
testpoint776,2022-01-31T15:22:16.123170+00:00,2109,int,false
testpoint777,2022-01-31T15:22:16.123209+00:00,93897,int,false
testpoint778,2022-01-31T15:22:16.123264+00:00,73446,int,false
testpoint779,2022-01-31T15:22:16.123305+00:00,51383,int,false
testpoint780,2022-01-31T15:22:16.123345+00:00,47705,int,false
testpoint781,2022-01-31T15:22:16.123403+00:00,39453,int,false
testpoint782,2022-01-31T15:22:16.123443+00:00,26690,int,false
testpoint783,2022-01-31T15:22:16.123497+00:00,24016,int,false
testpoint784,2022-01-31T15:22:16.123538+00:00,4102,int,false
testpoint785,2022-01-31T15:22:16.123598+00:00,36082,int,false
testpoint786,2022-01-31T15:22:16.123656+00:00,13210,int,false
testpoint787,2022-01-31T15:22:16.123696+00:00,6462,int,false
testpoint788,2022-01-31T15:22:16.123751+00:00,62934,int,false
testpoint789,2022-01-31T15:22:16.123792+00:00,59714,int,false
testpoint790,2022-01-31T15:22:16.123831+00:00,70412,int,false
testpoint791,2022-01-31T15:22:16.123895+00:00,44180,int,false
testpoint792,2022-01-31T15:22:16.123936+00:00,18635,int,false
testpoint793,2022-01-31T15:22:16.123975+00:00,1954,int,false
testpoint794,2022-01-31T15:22:16.124033+00:00,89880,int,false
testpoint795,2022-01-31T15:22:16.124074+00:00,98027,int,false
testpoint796,2022-01-31T15:22:16.124129+00:00,95393,int,false
testpoint797,2022-01-31T15:22:16.124170+00:00,29873,int,false
testpoint798,2022-01-31T15:22:16.124210+00:00,38732,int,false
testpoint799,2022-01-31T15:22:16.124264+00:00,39893,int,false
testpoint800,2022-01-31T15:22:16.124312+00:00,41960,int,false
testpoint801,2022-01-31T15:22:16.124366+00:00,76066,int,false
testpoint802,2022-01-31T15:22:16.124408+00:00,98079,int,false
testpoint803,2022-01-31T15:22:16.124448+00:00,22005,int,false
testpoint804,2022-01-31T15:22:16.124503+00:00,65285,int,false
testpoint805,2022-01-31T15:22:16.124544+00:00,67240,int,false
testpoint806,2022-01-31T15:22:16.124587+00:00,53646,int,false
testpoint807,2022-01-31T15:22:16.124642+00:00,56140,int,false
testpoint808,2022-01-31T15:22:16.124682+00:00,32998,int,false
testpoint809,2022-01-31T15:22:16.124722+00:00,34497,int,false
testpoint810,2022-01-31T15:22:16.124785+00:00,21968,int,false
testpoint811,2022-01-31T15:22:16.124824+00:00,2794,int,false
testpoint812,2022-01-31T15:22:16.124880+00:00,45063,int,false
testpoint813,2022-01-31T15:22:16.124921+00:00,52312,int,false
testpoint814,2022-01-31T15:22:16.124968+00:00,46770,int,false
testpoint815,2022-01-31T15:22:16.125025+00:00,3427,int,false
testpoint816,2022-01-31T15:22:16.125066+00:00,34020,int,false
testpoint817,2022-01-31T15:22:16.125120+00:00,92058,int,false
testpoint818,2022-01-31T15:22:16.125252+00:00,95786,int,false
testpoint819,2022-01-31T15:22:16.125316+00:00,61684,int,false
testpoint820,2022-01-31T15:22:16.125373+00:00,47929,int,false
testpoint821,2022-01-31T15:22:16.125415+00:00,2163,int,false
testpoint822,2022-01-31T15:22:16.125456+00:00,10986,int,false
testpoint823,2022-01-31T15:22:16.125512+00:00,71819,int,false
testpoint824,2022-01-31T15:22:16.125552+00:00,37509,int,false
testpoint825,2022-01-31T15:22:16.125592+00:00,2555,int,false
testpoint826,2022-01-31T15:22:16.125648+00:00,49060,int,false
testpoint827,2022-01-31T15:22:16.125688+00:00,60099,int,false
testpoint828,2022-01-31T15:22:16.125742+00:00,28739,int,false
testpoint829,2022-01-31T15:22:16.125784+00:00,61303,int,false
testpoint830,2022-01-31T15:22:16.125825+00:00,72162,int,false
testpoint831,2022-01-31T15:22:16.125880+00:00,49298,int,false
testpoint832,2022-01-31T15:22:16.125921+00:00,61506,int,false
testpoint833,2022-01-31T15:22:16.125961+00:00,76689,int,false
testpoint834,2022-01-31T15:22:16.126016+00:00,4568,int,false
testpoint835,2022-01-31T15:22:16.126057+00:00,5821,int,false
testpoint836,2022-01-31T15:22:16.126096+00:00,34408,int,false
testpoint837,2022-01-31T15:22:16.126156+00:00,2849,int,false
testpoint838,2022-01-31T15:22:16.126195+00:00,2556,int,false
testpoint839,2022-01-31T15:22:16.126255+00:00,79045,int,false
testpoint840,2022-01-31T15:22:16.126298+00:00,52894,int,false
testpoint841,2022-01-31T15:22:16.126338+00:00,36476,int,false
testpoint842,2022-01-31T15:22:16.126393+00:00,4477,int,false
testpoint843,2022-01-31T15:22:16.126435+00:00,4,int,false
testpoint844,2022-01-31T15:22:16.126474+00:00,61780,int,false
testpoint845,2022-01-31T15:22:16.126530+00:00,25657,int,false
testpoint846,2022-01-31T15:22:16.126571+00:00,93141,int,false
testpoint847,2022-01-31T15:22:16.126626+00:00,45799,int,false
testpoint848,2022-01-31T15:22:16.126669+00:00,93782,int,false
testpoint849,2022-01-31T15:22:16.126709+00:00,65052,int,false
testpoint850,2022-01-31T15:22:16.126764+00:00,36028,int,false
testpoint851,2022-01-31T15:22:16.126804+00:00,19740,int,false
testpoint852,2022-01-31T15:22:16.126844+00:00,25985,int,false
testpoint853,2022-01-31T15:22:16.126900+00:00,48410,int,false
testpoint854,2022-01-31T15:22:16.126939+00:00,63210,int,false
testpoint855,2022-01-31T15:22:16.126992+00:00,24596,int,false
testpoint856,2022-01-31T15:22:16.127034+00:00,16169,int,false
testpoint857,2022-01-31T15:22:16.127083+00:00,82305,int,false
testpoint858,2022-01-31T15:22:16.127139+00:00,51619,int,false
testpoint859,2022-01-31T15:22:16.127180+00:00,45137,int,false
testpoint860,2022-01-31T15:22:16.127241+00:00,59300,int,false
testpoint861,2022-01-31T15:22:16.127284+00:00,77262,int,false
testpoint862,2022-01-31T15:22:16.127325+00:00,63366,int,false
testpoint863,2022-01-31T15:22:16.127382+00:00,98134,int,false
testpoint864,2022-01-31T15:22:16.127424+00:00,93433,int,false
testpoint865,2022-01-31T15:22:16.127465+00:00,79759,int,false
testpoint866,2022-01-31T15:22:16.127521+00:00,81810,int,false
testpoint867,2022-01-31T15:22:16.127561+00:00,49358,int,false
testpoint868,2022-01-31T15:22:16.127600+00:00,38105,int,false
testpoint869,2022-01-31T15:22:16.127656+00:00,51290,int,false
testpoint870,2022-01-31T15:22:16.127697+00:00,18800,int,false
testpoint871,2022-01-31T15:22:16.127752+00:00,57775,int,false
testpoint872,2022-01-31T15:22:16.127792+00:00,29915,int,false
testpoint873,2022-01-31T15:22:16.127839+00:00,95122,int,false
testpoint874,2022-01-31T15:22:16.127896+00:00,34707,int,false
testpoint875,2022-01-31T15:22:16.127936+00:00,21714,int,false
testpoint876,2022-01-31T15:22:16.127999+00:00,54182,int,false
testpoint877,2022-01-31T15:22:16.128041+00:00,36824,int,false
testpoint878,2022-01-31T15:22:16.128132+00:00,57326,int,false
testpoint879,2022-01-31T15:22:16.128177+00:00,65476,int,false
testpoint880,2022-01-31T15:22:16.128218+00:00,28117,int,false
testpoint881,2022-01-31T15:22:16.128275+00:00,2826,int,false
testpoint882,2022-01-31T15:22:16.128315+00:00,34613,int,false
testpoint883,2022-01-31T15:22:16.128379+00:00,82959,int,false
testpoint884,2022-01-31T15:22:16.128429+00:00,13468,int,false
testpoint885,2022-01-31T15:22:16.128471+00:00,94180,int,false
testpoint886,2022-01-31T15:22:16.128528+00:00,19143,int,false
testpoint887,2022-01-31T15:22:16.128570+00:00,1111,int,false
testpoint888,2022-01-31T15:22:16.128625+00:00,90737,int,false
testpoint889,2022-01-31T15:22:16.128666+00:00,12357,int,false
testpoint890,2022-01-31T15:22:16.128705+00:00,84578,int,false
testpoint891,2022-01-31T15:22:16.128762+00:00,41299,int,false
testpoint892,2022-01-31T15:22:16.128803+00:00,71789,int,false
testpoint893,2022-01-31T15:22:16.128842+00:00,34487,int,false
testpoint894,2022-01-31T15:22:16.128898+00:00,41707,int,false
testpoint895,2022-01-31T15:22:16.128939+00:00,73706,int,false
testpoint896,2022-01-31T15:22:16.128994+00:00,88519,int,false
testpoint897,2022-01-31T15:22:16.129037+00:00,40564,int,false
testpoint898,2022-01-31T15:22:16.129078+00:00,96286,int,false
testpoint899,2022-01-31T15:22:16.129133+00:00,55764,int,false
testpoint900,2022-01-31T15:22:16.129174+00:00,19109,int,false
testpoint901,2022-01-31T15:22:16.129214+00:00,91471,int,false
testpoint902,2022-01-31T15:22:16.129269+00:00,60303,int,false
testpoint903,2022-01-31T15:22:16.129310+00:00,1830,int,false
testpoint904,2022-01-31T15:22:16.129349+00:00,84523,int,false
testpoint905,2022-01-31T15:22:16.129409+00:00,49953,int,false
testpoint906,2022-01-31T15:22:16.129457+00:00,95095,int,false
testpoint907,2022-01-31T15:22:16.129513+00:00,75488,int,false
testpoint908,2022-01-31T15:22:16.129553+00:00,88123,int,false
testpoint909,2022-01-31T15:22:16.129593+00:00,8750,int,false
testpoint910,2022-01-31T15:22:16.129649+00:00,76513,int,false
testpoint911,2022-01-31T15:22:16.129689+00:00,71389,int,false
testpoint912,2022-01-31T15:22:16.129743+00:00,78567,int,false
testpoint913,2022-01-31T15:22:16.129785+00:00,25157,int,false
testpoint914,2022-01-31T15:22:16.129825+00:00,40797,int,false
testpoint915,2022-01-31T15:22:16.129882+00:00,47000,int,false
testpoint916,2022-01-31T15:22:16.129924+00:00,3622,int,false
testpoint917,2022-01-31T15:22:16.129964+00:00,66771,int,false
testpoint918,2022-01-31T15:22:16.130021+00:00,39716,int,false
testpoint919,2022-01-31T15:22:16.130061+00:00,76793,int,false
testpoint920,2022-01-31T15:22:16.130115+00:00,97495,int,false
testpoint921,2022-01-31T15:22:16.130158+00:00,3594,int,false
testpoint922,2022-01-31T15:22:16.130198+00:00,54351,int,false
testpoint923,2022-01-31T15:22:16.130253+00:00,70899,int,false
testpoint924,2022-01-31T15:22:16.130294+00:00,51230,int,false
testpoint925,2022-01-31T15:22:16.130333+00:00,27127,int,false
testpoint926,2022-01-31T15:22:16.130388+00:00,71765,int,false
testpoint927,2022-01-31T15:22:16.130430+00:00,9530,int,false
testpoint928,2022-01-31T15:22:16.130469+00:00,30810,int,false
testpoint929,2022-01-31T15:22:16.130525+00:00,7725,int,false
testpoint930,2022-01-31T15:22:16.130565+00:00,32527,int,false
testpoint931,2022-01-31T15:22:16.130624+00:00,93516,int,false
testpoint932,2022-01-31T15:22:16.130664+00:00,27918,int,false
testpoint933,2022-01-31T15:22:16.130704+00:00,92301,int,false
testpoint934,2022-01-31T15:22:16.130759+00:00,57377,int,false
testpoint935,2022-01-31T15:22:16.130800+00:00,84406,int,false
testpoint936,2022-01-31T15:22:16.130848+00:00,49825,int,false
testpoint937,2022-01-31T15:22:16.130911+00:00,97459,int,false
testpoint938,2022-01-31T15:22:16.130952+00:00,9322,int,false
testpoint939,2022-01-31T15:22:16.131007+00:00,33388,int,false
testpoint940,2022-01-31T15:22:16.131048+00:00,88301,int,false
testpoint941,2022-01-31T15:22:16.131087+00:00,32255,int,false
testpoint942,2022-01-31T15:22:16.131143+00:00,52026,int,false
testpoint943,2022-01-31T15:22:16.131183+00:00,32246,int,false
testpoint944,2022-01-31T15:22:16.131224+00:00,42776,int,false
testpoint945,2022-01-31T15:22:16.131280+00:00,80991,int,false
testpoint946,2022-01-31T15:22:16.131319+00:00,62948,int,false
testpoint947,2022-01-31T15:22:16.131374+00:00,83209,int,false
testpoint948,2022-01-31T15:22:16.131416+00:00,59745,int,false
testpoint949,2022-01-31T15:22:16.131456+00:00,95014,int,false
testpoint950,2022-01-31T15:22:16.131511+00:00,30947,int,false
testpoint951,2022-01-31T15:22:16.131551+00:00,82288,int,false
testpoint952,2022-01-31T15:22:16.131599+00:00,27353,int,false
testpoint953,2022-01-31T15:22:16.131657+00:00,36012,int,false
testpoint954,2022-01-31T15:22:16.131697+00:00,39965,int,false
testpoint955,2022-01-31T15:22:16.131752+00:00,81037,int,false
testpoint956,2022-01-31T15:22:16.131794+00:00,72408,int,false
testpoint957,2022-01-31T15:22:16.131838+00:00,90584,int,false
testpoint958,2022-01-31T15:22:16.131908+00:00,31112,int,false
testpoint959,2022-01-31T15:22:16.131949+00:00,74169,int,false
testpoint960,2022-01-31T15:22:16.132005+00:00,28255,int,false
testpoint961,2022-01-31T15:22:16.132046+00:00,38610,int,false
testpoint962,2022-01-31T15:22:16.132086+00:00,67422,int,false
testpoint963,2022-01-31T15:22:16.132141+00:00,70514,int,false
testpoint964,2022-01-31T15:22:16.132182+00:00,97367,int,false
testpoint965,2022-01-31T15:22:16.132221+00:00,39615,int,false
testpoint966,2022-01-31T15:22:16.132276+00:00,21783,int,false
testpoint967,2022-01-31T15:22:16.132316+00:00,10909,int,false
testpoint968,2022-01-31T15:22:16.132379+00:00,92146,int,false
testpoint969,2022-01-31T15:22:16.132420+00:00,2598,int,false
testpoint970,2022-01-31T15:22:16.132460+00:00,48828,int,false
testpoint971,2022-01-31T15:22:16.132515+00:00,76629,int,false
testpoint972,2022-01-31T15:22:16.132556+00:00,42844,int,false
testpoint973,2022-01-31T15:22:16.132597+00:00,37396,int,false
testpoint974,2022-01-31T15:22:16.132654+00:00,2581,int,false
testpoint975,2022-01-31T15:22:16.132695+00:00,85308,int,false
testpoint976,2022-01-31T15:22:16.132752+00:00,73372,int,false
testpoint977,2022-01-31T15:22:16.132794+00:00,23959,int,false
testpoint978,2022-01-31T15:22:16.132835+00:00,67887,int,false
testpoint979,2022-01-31T15:22:16.132890+00:00,73481,int,false
testpoint980,2022-01-31T15:22:16.132931+00:00,42001,int,false
testpoint981,2022-01-31T15:22:16.132970+00:00,33296,int,false
testpoint982,2022-01-31T15:22:16.133027+00:00,20944,int,false
testpoint983,2022-01-31T15:22:16.133070+00:00,64017,int,false
testpoint984,2022-01-31T15:22:16.133125+00:00,99087,int,false
testpoint985,2022-01-31T15:22:16.133166+00:00,35919,int,false
testpoint986,2022-01-31T15:22:16.133206+00:00,79042,int,false
testpoint987,2022-01-31T15:22:16.133260+00:00,94696,int,false
testpoint988,2022-01-31T15:22:16.133301+00:00,19704,int,false
testpoint989,2022-01-31T15:22:16.133341+00:00,70819,int,false
testpoint990,2022-01-31T15:22:16.133396+00:00,70884,int,false
testpoint991,2022-01-31T15:22:16.133437+00:00,87325,int,false
testpoint992,2022-01-31T15:22:16.133492+00:00,67457,int,false
testpoint993,2022-01-31T15:22:16.133536+00:00,78904,int,false
testpoint994,2022-01-31T15:22:16.133576+00:00,64730,int,false
testpoint995,2022-01-31T15:22:16.133631+00:00,7834,int,false
testpoint996,2022-01-31T15:22:16.133672+00:00,8596,int,false
testpoint997,2022-01-31T15:22:16.133711+00:00,95106,int,false
testpoint998,2022-01-31T15:22:16.133787+00:00,72553,int,false
testpoint999,2022-01-31T15:22:16.133835+00:00,45433,int,false
testpoint1000,2022-01-31T15:22:16.133892+00:00,21491,int,false
